alpha,tau,r,Dtau,Dr
0,13.0099927407259,0,0,12.5804050680977
0.00314989243846673,13.0107368106663,0.0411332563082223,-0.0101069754814695,12.5915380418366
0.00629978487693345,13.0112754476334,0.0819357891668594,-0.0194114150879125,12.5998372722185
0.00944967731540018,13.0116428757111,0.122468678203049,-0.0280038833443243,12.6059505754054
0.0125995697538669,13.0118683538195,0.162784268624879,-0.0359736846219454,12.6104162422391
0.0157494621923336,13.0119767489438,0.202927182605569,-0.0434075900374701,12.6136777723889
0.0188993546308004,13.0119890557626,0.242935236248399,-0.0503888265829364,12.6160970203571
0.0220492470692671,13.0119228666995,0.282840269197551,-0.0569962973759541,12.6179658899853
0.0251991395077338,13.0117927961834,0.322668893544063,-0.0633040045008561,12.6195167048548
0.0283490319462005,13.0116108626738,0.362443168278598,-0.0693806483382572,12.6209313731983
0.0314989243846673,13.0113868317937,0.402181205163144,-0.0752893795596489,12.6223494576227
0.034648816823134,13.0111285237011,0.441897711531436,-0.0810876821011979,12.6238752520683
0.0377987092616007,13.010842087637,0.481604475182478,-0.0868273674328578,12.6255839609797
0.0409486017000674,13.0105322463953,0.521310796202279,-0.0925546623111059,12.6275270686225
0.0440984941385342,13.0102025132853,0.561023870235506,-0.098310373951798,12.6297369798348
0.0472483865770009,13.0098553839828,0.600749127430509,-0.104130118189381,12.6322310072327
0.0503982790154676,13.0094925055074,0.640490530997665,-0.110044597705432,12.6350147739833
0.0535481714539344,13.0091148244094,0.680250839051737,-0.116079918818516,12.6380850957022
0.0566980638924011,13.0087227161008,0.720031833153398,-0.122257936633812,12.6414323998082
0.0598479563308678,13.0083160971325,0.759834516722769,-0.128596619559831,12.6450427357651
0.0629978487693345,13.0078945220832,0.799659286268369,-0.135110425315806,12.6488994250421
0.0661477412078013,13.0074572666059,0.839506078157656,-0.1418106815815,12.65298439532
0.069297633646268,13.0070033980599,0.879374493450048,-0.148705965386118,12.6572792394446
0.0724475260847347,13.0065318350439,0.919263903119432,-0.155802476198875,12.6617660358703
0.0755974185232014,13.0060413970461,0.959173535810222,-0.163104398475112,12.6664279638348
0.0787473109616682,13.0055308453245,0.999102550098724,-0.170614250132677,12.6712497432407
0.0818972034001349,13.004998916042,1.0390500930693,-0.178333214087733,12.6762179261935
0.0850470958386016,13.0044443465928,1.07901534686235,-0.186261450571019,12.6813210643312
0.0881969882770683,13.0038658959752,1.11899756470799,-0.194398388478772,12.68654977348
0.0913468807155351,13.0032623599916,1.15899609782495,-0.202742994490481,12.6918967147647
0.0944967731540018,13.0026325819818,1.19901041443874,-0.211294019112035,12.6973565090855
0.0976466655924685,13.0019754597337,1.23904011205539,-0.220050219180946,12.7029255998315
0.100796558030935,13.0012899491491,1.27908492401752,-0.229010556703361,12.7086020768306
0.103946450469402,13.0005750651883,1.31914472126726,-0.238174374183812,12.7143854728196
0.107096342907869,12.9998298805599,1.35921951014527,-0.247541546860826,12.7202765421529
0.110246235346335,12.9990535225753,1.399309426967,-0.257112612477745,12.7262770300457
0.113396127784802,12.9982451685391,1.43941473003522,-0.266888879400939,12.7323894393526
0.116546020223269,12.9974040400061,1.47953578967213,-0.276872514049752,12.7386168007136
0.119695912661736,12.9965293961927,1.51967307678454,-0.287066608726503,12.7449624508499
0.122845805100202,12.9956205267984,1.55982715041108,-0.297475231033003,12.7514298228423
0.125995697538669,12.9946767444566,1.59999864464107,-0.308103456134689,12.7580222513882
0.129145589977136,12.9936973770052,1.64018825524093,-0.318957383186713,12.7647427952777
0.132295482415603,12.9926817597387,1.68039672627365,-0.330044137270315,12.7715940786758
0.135445374854069,12.9916292277788,1.72062483695267,-0.34137185820433,12.7785781522113
0.138595267292536,12.9905391086769,1.76087338892954,-0.352949677597776,12.7856963743731
0.141745159731003,12.9894107153428,1.80114319417843,-0.36478768549674,12.7929493132791
0.144895052169469,12.9882433393714,1.84143506360678,-0.376896887953882,12.8003366685096
0.148044944607936,12.9870362448278,1.88174979649132,-0.389289156813461,12.8078572123885
0.151194837046403,12.9857886625319,1.92208817081236,-0.401977172960123,12.8155087498337
0.15434472948487,12.9844997848717,1.96245093453506,-0.414974364227319,12.8232880956904
0.157494621923336,12.9831687611645,2.0028387978658,-0.428294839102288,12.831191068296
0.160644514361803,12.9817946935715,2.04325242649327,-0.441953317300252,12.8392124978972
0.16379440680027,12.980376633567,2.08369243580815,-0.45596505821198,12.8473462484538
0.166944299238737,12.9789135789508,2.12415938608134,-0.470345788157103,12.8555852513054
0.170094191677203,12.9774044713908,2.16465377856962,-0.485111627301536,12.8639215491481
0.17324408411567,12.9758481944735,2.2051760525073,-0.50027901702186,12.8723463487667
0.176393976554137,12.9742435722387,2.245726582935,-0.515864648423447,12.8808500809848
0.179543868992603,12.9725893681681,2.2863056793102,-0.531885392642933,12.8894224663361
0.18269376143107,12.9708842845989,2.32691358483926,-0.548358233490448,12.8980525850114
0.185843653869537,12.9691269625277,2.36755047646706,-0.565300202912833,12.9067289497074
0.188993546308004,12.9673159817697,2.4082164654583,-0.582728319686899,12.9154395800794
0.19214343874647,12.9654498614401,2.44891159850275,-0.600659531681825,12.924172077594
0.195293331184937,12.9635270607197,2.48963585927682,-0.619110661962537,12.9329136996679
0.198443223623404,12.961545979872,2.53038917039415,-0.638098358941573,12.9416514320862
0.201593116061871,12.9595049614751,2.5711713956791,-0.657639050726166,12.9503720587948
0.204743008500337,12.9574022918364,2.61198234269902,-0.67774890374981,12.9590622282712
0.207892900938804,12.9552362025578,2.65282176549366,-0.698443785724075,12.9677085157839
0.211042793377271,12.9530048722195,2.69368936744289,-0.719739232896789,12.97629748096
0.214192685815737,12.9507064281554,2.73458480421732,-0.741650421557169,12.9848157201854
0.217342578254204,12.9483389482919,2.77550768675998,-0.764192143686926,12.9932499134644
0.220492470692671,12.945900463026,2.81645758425114,-0.787378786619305,13.0015868654664
0.223642363131138,12.9433889571192,2.85743402701257,-0.811224316534768,13.0098135405818
0.226792255569604,12.9408023715878,2.89843650931143,-0.835742265593068,13.0179170918994
0.229942148008071,12.9381386055707,2.93946449202865,-0.860945722476966,13.0258848841024
0.233092040446538,12.9353955181594,2.98051740516073,-0.886847326101674,13.0337045103596
0.236241932885005,12.9325709301754,3.0215946501284,-0.913459262227588,13.0413638033594
0.239391825323471,12.9296626258856,3.06269560186966,-0.940793262700613,13.0488508407019
0.242541717761938,12.9266683546439,3.10381961069903,-0.968860607035335,13.0561539449228
0.245691610200405,12.9235858324542,3.14496600391891,-0.997672126050024,13.0632616784736
0.248841502638871,12.9204127434478,3.18613408717278,-1.02723820726048,13.0701628340316
0.251991395077338,12.9171467412735,3.22732314553381,-1.05756880173998,13.0768464205474
0.255141287515805,12.9137854503972,3.26853244432596,-1.08867343215618,13.0833016454732
0.258291179954272,12.9103264673127,3.30976122967791,-1.1205612017028,13.0895178936367
0.261441072392738,12.9067673616649,3.35100872881361,-1.15324080365163,13.0954847032474
0.264590964831205,12.9031056772875,3.39227415008561,-1.18672053126297,13.1011917395296
0.267740857269672,12.899338933162,3.43355668276053,-1.22100828780446,13.106628766488
0.270890749708139,12.8954646243008,3.47485549656801,-1.25611159644488,13.1117856173097
0.274040642146605,12.8914802225625,3.51616974102678,-1.29203760980447,13.1166521638964
0.277190534585072,12.8873831774069,3.55749854456345,-1.32879311896322,13.1212182860223
0.280340427023539,12.8831709165968,3.59884101344117,-1.36638456174663,13.125473840587
0.283490319462005,12.8788408468557,3.64019623051659,-1.40481803012908,13.1294086314163
0.286640211900472,12.8743903544909,3.68156325384484,-1.44409927661553,13.1330123800488
0.289790104338939,12.8698168059905,3.7229411151531,-1.48423371948503,13.1362746979066
0.292939996777406,12.8651175486048,3.76432881820382,-1.525226446799,13.1391850602283
0.296089889215872,12.8602899109206,3.80572533706932,-1.56708221910125,13.1417327821113
0.299239781654339,12.8553312034393,3.84712961433944,-1.609805470757,13.1439069969605
0.302389674092806,12.8502387191666,3.88854055928403,-1.6534003099002,13.1456966376328
0.305539566531272,12.8450097342245,3.92995704599181,-1.69787051697933,13.1470904204922
0.308689458969739,12.8396415084928,3.97137791150684,-1.74321954191258,13.1480768325885
0.311839351408206,12.8341312862897,4.01280195398298,-1.78945049988139,13.1486441221045
0.314989243846673,12.8284762970985,4.0542279308763,-1.83656616581275,13.1487802921922
0.318139136285139,12.8226737563472,4.09565455719453,-1.88456896761499,13.1484730982743
0.321289028723606,12.8167208662491,4.13708050382085,-1.933460978251,13.1477100488505
0.324438921162073,12.810614816708,4.1785043959297,-1.98324390674697,13.1464784098022
0.32758881360054,12.8043527862945,4.21992481150962,-2.03391908824683,13.1447652121652
0.330738706039006,12.797931943297,4.26134028000699,-2.08548747323926,13.1425572632897
0.333888598477473,12.7913494468515,4.30274928110461,-2.13794961609093,13.139841161288
0.33703849091594,12.7846024481514,4.34415024364523,-2.19130566302911,13.1366033126162
0.340188383354407,12.77768809174,4.38554154471049,-2.2455553397296,13.132829952635
0.343338275792873,12.7706035168865,4.42692150886374,-2.30069793866437,13.1285071689411
0.34648816823134,12.7633458590452,4.46828840756289,-2.35673230637402,13.1236209272506
0.349638060669807,12.7559122513965,4.50964045874869,-2.41365683083138,13.1181570995785
0.352787953108273,12.7482998264686,4.55097582661217,-2.47146942906089,13.1121014944643
0.35593784554674,12.7405057178376,4.59229262154347,-2.53016753518243,13.105439888946
0.359087737985207,12.7325270619019,4.63358890026136,-2.58974808904125,13.0981580619916
0.362237630423674,12.7243609997269,4.67486266612403,-2.65020752559128,13.0902418290784
0.36538752286214,12.7160046789556,4.71611186961781,-2.71154176518262,13.0816770775997
0.368537415300607,12.7074552557798,4.75733440902014,-2.77374620489878,13.0724498027851
0.371687307739074,12.6987098969651,4.79852813123172,-2.83681571110535,13.0625461437962
0.37483720017754,12.6897657819232,4.83969083277164,-2.90074461331167,13.0519524196959
0.377987092616007,12.6806201048253,4.88082026092768,-2.96552669950139,13.0406551649401
0.381136985054474,12.6712700767475,4.92191411505341,-3.03115521302122,13.0286411641173
0.384286877492941,12.6617129278417,4.96297004800261,-3.09762285113447,13.0158974855947
0.387436769931407,12.6519459095226,5.0039856676902,-3.16492176533031,13.0024115138021
0.390586662369874,12.6419662966623,5.04495853876849,-3.2330435634518,12.9881709798632
0.393736554808341,12.6317713897851,5.08588618440836,-3.30197931371572,12.9731639903259
0.396886447246808,12.6213585172517,5.12676608816903,-3.37171955064138,12.9573790537281
0.400036339685274,12.6107250374254,5.16759569594962,-3.44225428295019,12.9408051047936
0.403186232123741,12.5998683408105,5.20837241800209,-3.51357300342006,12.9234315260478
0.406336124562208,12.588785852154,5.24909363099855,-3.58566470070247,12.9052481666698
0.409486017000674,12.5774750325033,5.28975668013458,-3.65851787308025,12.8862453584611
0.412635909439141,12.5659333812092,5.33035888125766,-3.7321205441325,12.8664139287533
0.415785801877608,12.554158437868,5.37089752300638,-3.80646028025189,12.8457452101843
0.418935694316075,12.5421477841934,5.41136986894522,-3.88152420994611,12.8242310473071
0.422085586754541,12.5298990458116,5.45177315968611,-3.95729904485154,12.8018637998922
0.425235479193008,12.5174098939706,5.49210461497847,-4.03377110234179,12.7786363430229
0.428385371631475,12.5046780471615,5.5323614357604,-4.1109263296562,12.7545420638928
0.431535264069942,12.4917012726393,5.57254080615513,-4.18875032938526,12.7295748554214
0.434685156508408,12.4784773878432,5.61263989540579,-4.26722838620198,12.7037291067304
0.437835048946875,12.4650042617091,5.65265585973339,-4.34634549470298,12.6769996905521
0.440984941385342,12.4512798158684,5.69258584411248,-4.42608638816149,12.6493819477486
0.444134833823808,12.4373020257332,5.73242698395349,-4.50643556807569,12.620871669003
0.447284726262275,12.4230689214625,5.77217640668316,-4.5873773343078,12.5914650739576
0.450434618700742,12.4085785888059,5.81183123321764,-4.66889581565101,12.5611587878929
0.453584511139209,12.3938291698271,5.851388579323,-4.75097500061782,12.5299498162278
0.456734403577675,12.3788188635012,5.89084555685215,-4.83359876828274,12.497835517055
0.459884296016142,12.3635459261922,5.93019927486426,-4.91675091898592,12.4648135718946
0.463034188454609,12.3480086720038,5.96944684061193,-5.00041520467497,12.4308819550745
0.466184080893076,12.3322054730105,6.00858536040475,-5.08457535874362,12.3960389018871
0.469333973331542,12.3161347593692,6.04761194033932,-5.16921512512117,12.3602828757933
0.472483865770009,12.2997950193133,6.08652368690277,-5.25431828644734,12.3236125351331
0.475633758208476,12.2831847990344,6.12531770744692,-5.33986869118698,12.2860266994328
0.478783650646942,12.2663027024516,6.16399111053391,-5.42585027941263,12.2475243157686
0.481933543085409,12.2491473908801,6.20254100616421,-5.51224710718829,12.2081044254441
0.485083435523876,12.231717582597,6.24096450587745,-5.59904336930707,12.1677661311976
0.488233327962343,12.2140120523155,6.27925872274708,-5.68622342028267,12.1265085654382
0.491383220400809,12.1960296305703,6.31742077125692,-5.77377179343398,12.0843308595635
0.494533112839276,12.1777692030223,6.35544776708845,-5.86167321791605,12.0412321148394
0.497683005277743,12.1592297096919,6.39333682679741,-5.94991263360495,11.9972113750222
0.50083289771621,12.1404101441239,6.43108506741794,-6.03847520371057,11.9522676009807
0.503982790154676,12.1213095524974,6.46868960597945,-6.12734632506327,11.9063996475633
0.507132682593143,12.1019270326833,6.50614755895674,-6.21651163594182,11.8596062430065
0.51028257503161,12.0822617332637,6.5434560416645,-6.30595702144095,11.8118859710466
0.513432467470076,12.0623128525151,6.58061216759596,-6.39566861632104,11.7632372557856
0.516582359908543,12.0420796373733,6.61761304772457,-6.48563280528507,11.7136583498216
0.51973225234701,12.0215613823767,6.65445578978521,-6.57583622073012,11.6631473252936
0.522882144785477,12.0007574286103,6.69113749752265,-6.66626573793445,11.6117020685563
0.526032037223943,11.9796671626481,6.72765526994805,-6.75690846778724,11.5593202779279
0.52918192966241,11.9582900155077,6.76400620059035,-6.8477517469634,11.5059994650824
0.532331822100877,11.9366254616247,6.80018737676955,-6.93878312581084,11.4517369598866
0.535481714539344,11.9146730178591,6.83619587888943,-7.02999035383806,11.3965299187163
0.53863160697781,11.8924322425296,6.87202877977202,-7.12136136303785,11.3403753361862
0.541781499416277,11.8699027344992,6.90768314403364,-7.21288424909812,11.2832700603619
0.544931391854744,11.8470841323112,6.94315602752367,-7.30454725065972,11.2252108114036
0.548081284293211,11.8239761133768,6.97844447682597,-7.39633872678532,11.1661942031108
0.551231176731677,11.800578393237,7.01354552882893,-7.4882471326871,11.1062167679324
0.554381069170144,11.7768907248855,7.04845621039216,-7.5802609940908,11.0452749846936
0.557530961608611,11.7529128981736,7.08317353808812,-7.67236888031625,10.9833653090074
0.560680854047077,11.7286447392942,7.11769451805523,-7.76455937609088,10.9204842063882
0.563830746485544,11.7040861103508,7.15201614594481,-7.85682105278579,10.8566281876403
0.566980638924011,11.6792369090094,7.18613540698767,-7.94914243869158,10.7917938460284
0.570130531362478,11.6540970682531,7.22004927615563,-8.041511989078,10.7259778965745
0.573280423800944,11.6286665562213,7.25375471846518,-8.1339180559056,10.659177216426
0.576430316239411,11.6029453761483,7.28724868938885,-8.22634885774963,10.5913888869354
0.579580208677878,11.5769335663896,7.3205281353832,-8.31879244970859,10.5226102358447
0.582730101116344,11.5506312005628,7.35358999456061,-8.41123669412265,10.4528388805808
0.585879993554811,11.524038387768,7.38643119746413,-8.5036692317783,10.3820727716215
0.589029885993278,11.4971552729,7.41904866796703,-8.5960774543216,10.3103102353393
0.592179778431745,11.4699820370784,7.451439324332,-8.68844847760204,10.2375500166871
0.595329670870211,11.442518898137,7.48360008032376,-8.78076911670709,10.163791320901
0.598479563308678,11.4147661112211,7.5155278465112,-8.87302586247398,10.0890338540501
0.601629455747145,11.3867239694564,7.54721953161174,-8.96520485983532,10.0132778617977
0.604779348185612,11.3583928047086,7.57867204400439,-9.05729188832357,9.93652416680715
0.607929240624078,11.3297729884119,7.60988229329885,-9.14927234472531,9.85877420310205
0.611079133062545,11.3008649324551,7.64084719203399,-9.24113122807986,9.78003004906743
0.614229025501012,11.2716690901467,7.67156365743635,-9.33285312718827,9.70029445674052
0.617378917939478,11.242185957235,7.7020286132826,-9.42442221101453,9.61957087834033
0.620528810377945,11.2124160729633,7.73223899181208,-9.51582222168454,9.53786348966412
0.623678702816412,11.1823600211762,7.76219173573117,-9.60703647022894,9.45517720978019
0.626828595254879,11.1520184314788,7.79188380023629,-9.69804783566761,9.37151771748528
0.629978487693345,11.1213919803801,7.82131215512887,-9.788838766856,9.28689146275757
0.633128380131812,11.0904813924992,7.8504737869124,-9.87939128740371,9.20130567566312
0.636278272570279,11.0592874417617,7.8793657009633,-9.96968700363071,9.11476836993893
0.639428165008745,11.0278109525893,7.90798492367792,-10.0597071158149,9.0272883435236
0.642578057447212,10.9960528011214,7.93632850465182,-10.1494324320192,8.93887517349763
0.645727949885679,10.96401391637,7.96439351885264,-10.2388433854013,8.84953920813375
0.648877842324146,10.9316952814056,7.99217706875016,-10.3279200538831,8.75929155352612
0.652027734762612,10.8990979344792,8.01967628647684,-10.4166421830101,8.66814405814301
0.655177627201079,10.8662229701156,8.04688833587533,-10.5049892111563,8.57610929003013
0.658327519639546,10.8330715401824,8.07381041459305,-10.5929402975903,8.48320051381382
0.661477412078013,10.7996448548686,8.10043975605927,-10.6804743523566,8.38943166104252
0.664627304516479,10.7659441836381,8.12677363141975,-10.7675700686456,8.29481729932814
0.667777196954946,10.731970856114,8.15280935142623,-10.8542059572542,8.19937259656251
0.670927089393413,10.6977262628673,8.17854426818505,-10.9403603822449,8.10311328333464
0.67407698183188,10.6632118561735,8.20397577697737,-11.0260115984678,8.00605561128307
0.677226874270346,10.6284291506439,8.22910131777261,-11.1111377902336,7.90821631163958
0.680376766708813,10.5933797237887,8.25391837684989,-11.1957171106237,7.80961254806585
0.68352665914728,10.5580652165276,8.27842448822819,-11.2797277219731,7.71026187221123
0.686676551585746,10.52248733354,8.30261723494835,-11.3631478361022,7.61018217507612
0.689826444024213,10.4866478435781,8.32649425046759,-11.4459557551021,7.50939163783304
0.69297633646268,10.4505485796499,8.35005321964922,-11.52812991156,7.40790868450578
0.696126228901147,10.4141914391485,8.37329187993061,-11.6096489086355,7.30575193183733
0.699276121339613,10.3775783838332,8.3962080222042,-11.6904915583888,7.20294014263613
0.70242601377808,10.3407114397508,8.41879949171289,-11.7706369203224,7.09949217773191
0.705575906216547,10.3035926970535,8.44106418878376,-11.850064336894,6.99542695144163
0.708725798655014,10.266224309696,8.46300006948204,-11.9287534687205,6.8907633874558
0.71187569109348,10.2286084951279,8.48460514623982,-12.0066843266865,6.78552037832281
0.715025583531947,10.1907475337757,8.50587748827608,-12.083837302213,6.6797167464626
0.718175475970414,10.1526437685382,8.52681522210875,-12.1601931948148,6.57337120982775
0.72132536840888,10.1142996041891,8.54741653185726,-12.23573323692,6.46650235242206
0.724475260847347,10.0757175066479,8.56767965953024,-12.3104391156586,6.35912859345945
0.727625153285814,10.036900002262,8.58760290531254,-12.384292991408,6.25126816894473
0.730775045724281,9.99784967696901,8.60718462769934,-12.4572775127605,6.14293911009514
0.733924938162747,9.95856917542459,8.62642324379464,-12.5293758280984,6.03415923244727
0.737074830601214,9.9190612001187,8.64531722929466,-12.6005715938185,5.92494612896103
0.740224723039681,9.87932851036288,8.66386511875529,-12.6708489775122,5.81531716603184
0.743374615478147,9.83937392132843,8.68206550566747,-12.7401926592496,5.70528948698335
0.746524507916614,9.79920030302315,8.69991704264376,-12.808587827291,5.59488002282979
0.749674400355081,9.75881057926193,8.71741844155568,-12.8760201708992,5.48410550611605
0.752824292793548,9.71820772660773,8.73456847373043,-12.9424758682155,5.37298249377034
0.755974185232014,9.6773947733335,8.75136597027587,-13.0079415725103,5.26152738900045
0.759124077670481,9.63637479836387,8.76780982229319,-13.0724043921744,5.14975647874161
0.762273970108948,9.59515093026167,8.78389898124476,-13.135851868643,5.03768596840569
0.765423862547415,9.55372634621234,8.79963245953246,-13.1982719516435,4.92533202581844
0.768573754985881,9.51210427105131,8.81500933083104,-13.2596529686686,4.81271083061873
0.771723647424348,9.47028797629505,8.83002873088982,-13.3199835945565,4.69983862227513
0.774873539862815,9.4282807792842,8.84468985816133,-13.3792528170139,4.58673176369786
0.778023432301282,9.3860860422551,8.85899197463614,-13.4374498994376,4.47340679825452
0.781173324739748,9.34370717157096,8.87293440688549,-13.4945643421218,4.35988051769705
0.784323217178215,9.30114761699966,8.8865165469978,-13.5505858421759,4.2461700208483
0.787473109616682,9.25841087094054,8.89973785393794,-13.6055042528269,4.13229279631535
0.790623002055148,9.21550046787361,8.91259785473853,-13.6593095388266,4.01826678575134
0.793772894493615,9.17241998373758,8.92509614603537,-13.7119917353373,3.90411045541815
0.796922786932082,9.12917303548363,8.93723239569648,-13.7635409044854,3.78984287649579
0.800072679370549,9.08576328057469,8.9490063444135,-13.813947093139,3.67548378906485
0.803222571809015,9.04219441667585,8.96041780764267,-13.8632002910737,3.56105368136488
0.806372464247482,8.99847018134341,8.97146667768443,-13.9112903908448,3.4465738581893
0.809522356685949,8.95459435174062,8.9821529255564,-13.9582071506787,3.33206650290686
0.812672249124416,8.91057074458168,8.99247660337371,-14.0039401574282,3.21755474977038
0.815822141562882,8.86640321577719,9.00243784660346,-14.0484787940386,3.10306273997378
0.818972034001349,8.82209566063623,9.01203687646119,-14.0918122102327,2.98861567762451
0.822121926439816,8.77765201362987,9.02127400249202,-14.1339292955788,2.87423987911187
0.825271818878282,8.73307624845949,9.03014962504842,-14.1748186588869,2.75996282182421
0.828421711316749,8.68837237819845,9.03866423803129,-14.2144686098288,2.64581317495039
0.831571603755216,8.64354445517542,9.04681843139512,-14.2528671474197,2.53182083149154
0.834721496193683,8.598596571003,9.05461289406585,-14.2900019514894,2.41801693262325
0.837871388632149,8.5535328570438,9.06204841652906,-14.3258603836184,2.30443387738517
0.841021281070616,8.50835748392291,9.06912589360207,-14.3604294885084,2.19110532692588
0.844171173509083,8.46307466199566,9.07584632708841,-14.3936960062437,2.07806619887182
0.847321065947549,8.4176886410744,9.08221082858523,-14.4256463892339,1.96535265458809
0.850470958386016,8.37220371058085,9.08822062174035,-14.4562668224019,1.85300206552226
0.853620850824483,8.32662419935082,9.09387704515109,-14.4855432572707,1.74105298610619
0.85677074326295,8.28095447542075,9.09918155455329,-14.5134614420126,1.62954510006766
0.859920635701416,8.23519894593986,9.104135725098,-14.5400069700007,1.51851916982857
0.863070528139883,8.1893620566991,9.10874125363399,-14.5651653226914,1.40801695887995
0.86622042057835,8.14344829162381,9.11299996060428,-14.5889219303128,1.29808116178174
0.869370313016817,8.09746217235101,9.11691379182645,-14.6112622267453,1.18875530950538
0.872520205455283,8.05140825754921,9.12048481988635,-14.6321717220478,1.0800836785128
0.87567009789375,8.00529114178717,9.12371524586732,-14.651636069999,0.972111174994511
0.878819990332217,7.95911545483664,9.12660740052721,-14.6696411470292,0.864883221211938
0.881969882770683,7.91288586036295,9.12916374441383,-14.6861731356117,0.75844563414635
0.88511977520915,7.86660705457583,9.13138686924125,-14.7012186069057,0.652844484159264
0.888269667647617,7.8202837648391,9.13327949794505,-14.7147646130779,0.548125968269154
0.891419560086084,7.77392074770453,9.13484448445567,-14.7267987744121,0.444336248687122
0.89456945252455,7.72752278723661,9.13608481356376,-14.7373093820884,0.341521318097389
0.897719344963017,7.68109469285481,9.13700360017504,-14.7462854863849,0.239726836200846
0.900869237401484,7.6346412969279,9.13760408850107,-14.7537169986119,0.138997978373666
0.904019129839951,7.58816745229489,9.13788965062446,-14.7595947873567,0.0393792652274048
0.907169022278417,7.54167802962291,9.13786378428861,-14.7639107714559,-0.059085577393267
0.910318914716884,7.49517791427115,9.13753011189428,-14.7666580194586,-0.156353795972544
0.913468807155351,7.44867200340507,9.136892377388,-14.7678308415167,-0.252383757238734
0.916618699593817,7.40216520252312,9.13595444354661,-14.7674248748314,-0.347135102480166
0.919768592032284,7.3556624220659,9.1347202892508,-14.7654371761597,-0.440568896492497
0.922918484470751,7.30916857329468,9.13319400577691,-14.7618662951451,-0.532647777024813
0.926068376909218,7.26268856498988,9.13137979342828,-14.7567123541876,-0.623336083825578
0.929218269347684,7.21622729884195,9.12928195721959,-14.7499771156252,-0.712599983024377
0.932368161786151,7.16978966576539,9.12690490206484,-14.7416640464976,-0.800407612576727
0.935518054224618,7.12338054094868,9.1242531294692,-14.7317783674016,-0.886729156661119
0.938667946663085,7.07700478008648,9.12133123096733,-14.7203271010186,-0.971536964489912
0.941817839101551,7.03066721405496,9.11814388462339,-14.7073191064667,-1.05480563495645
0.944967731540018,6.98437264475017,9.11469584814443,-14.6927651087391,-1.13651207720264
0.948117623978485,6.93812584012409,9.1109919546272,-14.6766777159683,-1.2166355795801
0.951267516416951,6.89193152968855,9.1070371059127,-14.6590714199318,-1.2951578595014
0.954417408855418,6.84579439898086,9.1028362663966,-14.6399625961432,-1.37206306389657
0.957567301293885,6.79971908552968,9.09839445882787,-14.6193694857996,-1.44733781520184
0.960717193732352,6.75371017367586,9.09371675553783,-14.5973121715786,-1.52097118534659
0.963867086170818,6.70777218968236,9.08880827414993,-14.5738125329138,-1.59295469270318
0.967016978609285,6.66190959707328,9.08367417102175,-14.5488942083391,-1.66328225760581
0.970166871047752,6.61612679249926,9.07831963417877,-14.5225825217877,-1.73195015259535
0.973316763486219,6.57042810023815,9.07274987776345,-14.4949044157582,-1.79895694308239
0.976466655924685,6.52481776857854,9.06697013571811,-14.4658883747194,-1.86430340443087
0.979616548363152,6.47929996552937,9.06098565580488,-14.4355643298132,-1.92799243873528
0.982766440801619,6.43387877440874,9.05480169320746,-14.4039635565545,-1.99002892961671
0.985916333240085,6.3885581901471,9.04842350430227,-14.3711185637715,-2.05041967879667
0.989066225678552,6.34334211561078,9.04185634287527,-14.3370629825619,-2.10917324029562
0.992216118117019,6.29823435831176,9.03510545135104,-14.3018314327795,-2.16629978938503
0.995366010555486,6.25323862735122,9.02817605848244,-14.2654594053852,-2.22181096727552
0.998515902993952,6.20835853035121,9.02107337261402,-14.227983113347,-2.27571973531259
1.00166579543242,6.16359757056304,9.01380257742387,-14.1894393531254,-2.32804022281709
1.00481568787089,6.11895914543131,9.00636882645989,-14.1498653760978,-2.37878753002831
1.00796558030935,6.07444654360212,8.99877723991993,-14.109298726818,-2.42797760832456
1.01111547274782,6.03006294444853,8.99103289991924,-14.0677771137586,-2.47562705613142
1.01426536518629,5.98581141520622,8.98314084689922,-14.0253382567045,-2.52175298376838
1.01741525762475,5.94169491173912,8.97510607611638,-13.9820197453786,-2.56637282561154
1.02056515006322,5.89771627616694,8.96693353442329,-13.9378589068123,-2.6095042060047
1.02371504250169,5.85387823796529,8.9586281183306,-13.8928926756322,-2.65116479422187
1.02686493494015,5.81018341228312,8.95019466983001,-13.8471574585721,-2.69137216062787
1.03001482737862,5.76663430215896,8.94163797478374,-13.800689016759,-2.73014362408023
1.03316471981709,5.72323329836508,8.93296276233019,-13.7535223671824,-2.7674961678541
1.03631461225555,5.67998267869391,8.92417370151446,-13.7056916675597,-2.80344636925894
1.03946450469402,5.63688461229681,8.9152754005362,-13.6572301305259,-2.83801021237885
1.04261439713249,5.59394115818416,8.90627240640797,-13.6081699539879,-2.87120312501886
1.04576428957095,5.5511542685071,8.89716920244081,-13.5585422411739,-2.90303986345597
1.04891418200942,5.5085257906502,8.88797020951239,-13.5083769553928,-2.93353449025501
1.05206407444789,5.46605746798164,8.87867978395058,-13.4577028688249,-2.96270037049935
1.05521396688635,5.42375094353795,8.8693022193423,-13.4065475641046,-2.99055014782924
1.05836385932482,5.38160776266138,8.85984174488707,-13.3549373968529,-3.01709578788204
1.06151375176329,5.33962937405339,8.85030252470729,-13.3028974961138,-3.04234858123545
1.06466364420175,5.29781713411162,8.8406886617408,-13.2504518058895,-3.06631925757725
1.06781353664022,5.25617230972637,8.83100419361447,-13.1976230991302,-3.0890179655667
1.07096342907869,5.21469607919225,8.8212530972143,-13.1444330071369,-3.11045447013518
1.07411332151715,5.17338953850777,8.81143928596943,-13.0909021111353,-3.13063815058658
1.07726321395562,5.13225370108677,8.80156661201616,-13.0370499956379,-3.14957819696772
1.08041310639409,5.09128950304534,8.79163886723436,-12.9828952976485,-3.16728364672777
1.08356299883255,5.05049780444577,8.78165978209838,-12.9284558523456,-3.1837636227221
1.08671289127102,5.00987939336658,8.77163302824585,-12.8737487467221,-3.19902735105288
1.08986278370949,4.96943498855118,8.76156221820929,-12.8187904387368,-3.21308442848736
1.09301267614795,4.92916524001004,8.75145090504567,-12.7635968776322,-3.22594488296922
1.09616256858642,4.88907073516855,8.74130258576625,-12.7081835995439,-3.23761934295093
1.09931246102489,4.84915199804875,8.73112069762548,-12.6525658537134,-3.24811917115785
1.10246235346335,4.80940949297887,8.72090862276168,-12.5967587058649,-3.25745661354124
1.10561224590182,4.76984362699462,8.71066968561831,-12.5407772164079,-3.2656448755945
1.10876213834029,4.73045475015993,8.70040715472611,-12.4846364281568,-3.27269831930919
1.11191203077875,4.69124315946033,8.69012424164178,-12.4283515975677,-3.27863246895822
1.11506192321722,4.65220909713245,8.67982410465739,-12.3719382152432,-3.28346410984086
1.11821181565569,4.61335275660358,8.66950984496098,-12.3154121160169,-3.28721140018143
1.12136170809415,4.57467427882475,8.65918450846144,-12.2587895838481,-3.28989383246441
1.12451160053262,4.53617375693334,8.64885108704251,-12.2020873782295,-3.29153226750803
1.12766149297109,4.49785123428011,8.63851251741559,-12.1453228054931,-3.29214896411971
1.13081138540955,4.45970670895205,8.62817168207049,-12.0885137341997,-3.29176743715996
1.13396127784802,4.4217401292095,8.61783140753599,-12.0316786823797,-3.29041250723908
1.13711117028649,4.38395139763317,8.6074944719564,-11.9748367222652,-3.28811011630787
1.14026106272496,4.34634037132213,8.59716359486811,-11.9180075153146,-3.28488722799844
1.14341095516342,4.30890685900968,8.58684144581868,-11.8612113263215,-3.28077165511633
1.14656084760189,4.27165062635952,8.57653064367545,-11.8044688731736,-3.27579188249515
1.14971074004036,4.23457139088542,8.56623375529315,-11.747801360277,-3.26997695256322
1.15286063247882,4.1976688257743,8.55595329688152,-11.6912302787631,-3.26335606044361
1.15601052491729,4.16094255771327,8.54569173789431,-11.6347774286373,-3.2559584419541
1.15916041735576,4.12439216975229,8.53545150055906,-11.5784647033991,-3.24781310919591
1.16231030979422,4.08801719820739,8.52523496240475,-11.5223140390725,-3.23894848898121
1.16546020223269,4.0518171357339,8.51504445588043,-11.4663471582903,-3.22939221555358
1.16861009467116,4.01579143079212,8.50488227118668,-11.4105855674044,-3.21917072534674
1.17175998710962,3.97993948724919,8.49475066328119,-11.3550502639989,-3.20830918925423
1.17490987954809,3.94426066760492,8.48465184637039,-11.299761623143,-3.19683095494331
1.17805977198656,3.90875428979298,8.47458800144981,-11.24473928262,-3.18475751286777
1.18120966442502,3.87341963313477,8.46456127982172,-11.1900018832911,-3.17210804549283
1.18435955686349,3.83825593538272,8.45457380199504,-11.1355669773358,-3.15889939814885
1.18750944930196,3.80326239631683,8.44462766487284,-11.0814508705299,-3.14514562063706
1.19065934174042,3.76843817866339,8.43472493775677,-11.0276683908022,-3.13085803501025
1.19380923417889,3.73378240996904,8.42486767727282,-10.9742329239849,-3.11604494166811
1.19695912661736,3.69929418169408,8.41505791927201,-10.9211561850584,-3.10071165120885
1.20010901905582,3.66497255650219,8.4052976856439,-10.8684481185912,-3.08486022135686
1.20325891149429,3.63081656455745,8.39558899205792,-10.816116920123,-3.06848979861459
1.20640880393276,3.59682521284697,8.38593384164344,-10.7641689014212,-3.05159632107534
1.20955869637122,3.56299747919086,8.37633423341577,-10.7126085662657,-3.03417287908192
1.21270858880969,3.52933232005912,8.36679216465621,-10.661438543665,-3.01620981076433
1.21585848124816,3.49582866891997,8.35730963281943,-10.610659713572,-2.99769483893978
1.21900837368662,3.46248544444461,8.34788863162579,-10.5602711997062,-2.97861347763708
1.22215826612509,3.42930154832272,8.33853116183606,-10.5102705559726,-2.9589492484256
1.22530815856356,3.39627586631922,8.32923922323018,-10.4606538633639,-2.93868421559443
1.22845805100202,3.36340727291178,8.32001482367,-10.4114159670669,-2.91779917840019
1.23160794344049,3.33069463471493,8.31085996924073,-10.3625505044384,-2.89627441817564
1.23475783587896,3.29813680892653,8.30177667025247,-10.314050358228,-2.87408988975375
1.23790772831742,3.26573264197345,8.29276694307817,-10.2659077780865,-2.85122601216226
1.24105762075589,3.2334809843135,8.28383280051637,-10.2181146698303,-2.82766399082036
1.24420751319436,3.20138067081384,8.27497625600774,-10.1706628617432,-2.80338652429171
1.24735740563282,3.16943053701035,8.26619931845786,-10.1235444136997,-2.77837802675401
1.25050729807129,3.13762941867235,8.25750398933008,-10.0767519345971,-2.75262564170892
1.25365719050976,3.10597613982188,8.24889226290405,-10.0302788388621,-2.72611916526294
1.25680708294822,3.07446952709876,8.24036612188801,-9.98411965468052,-2.69885178829984
1.25995697538669,3.04310840165218,8.23192752448278,-9.93827037494188,-2.67082057194466
1.26310686782516,3.01189157448808,8.22357841789975,-9.89272844236626,-2.64202633166481
1.26625676026362,2.98081785633123,8.21532071863989,-9.84749339963789,-2.61247419263256
1.26940665270209,2.9498860429918,8.2071563235185,-9.80256665132355,-2.58217380024784
1.27255654514056,2.91909492481746,8.19908709548491,-9.75795189174252,-2.55113890520608
1.27570643757902,2.88844328019836,8.1911148588519,-9.71365515735295,-2.51938787812448
1.27885633001749,2.85792986826482,8.18324140418849,-9.66968476960422,-2.48694292774604
1.28200622245596,2.82755343934018,8.17546849157639,-9.62605142079274,-2.45383011265508
1.28515611489442,2.79731271853004,8.16779783217714,-9.58276815927806,-2.42007895136534
1.28830600733289,2.76720641220464,8.16023110459857,-9.53985017982811,-2.38572205074807
1.29145589977136,2.73723320697971,8.15276994437593,-9.49731468544207,-2.35079352352662
1.29460579220982,2.70739176385779,8.14541595107012,-9.45518055895989,-2.31532935246659
1.29775568464829,2.677680713404,8.1381706925529,-9.41346830122678,-2.27936590626159
1.30090557708676,2.64809866319267,8.13103570772469,-9.37219946541561,-2.24293916118531
1.30405546952522,2.61864419027221,8.12401250168882,-9.33139609003636,-2.206083652533
1.30720536196369,2.58931584148563,8.11710257773821,-9.2910808763816,-2.16883128673803
1.31035525440216,2.56011213692007,8.11030741067501,-9.25127593371897,-2.13121070155468
1.31350514684063,2.53103156646268,8.10362848947692,-9.21200280520686,-2.09324536053585
1.31665503927909,2.50207258865998,8.09706730936419,-9.17328183098334,-2.05495343047393
1.31980493171756,2.47323364153255,8.09062538593034,-9.13513156950876,-2.01634587287979
1.32295482415603,2.44451313599598,8.08430426471686,-9.09756834888952,-1.97742682888993
1.32610471659449,2.41590945863697,8.07810554247883,-9.06060570197122,-1.93819136257896
1.32925460903296,2.38742098069537,8.07203086930624,-9.02425415358529,-1.89862559321526
1.33240450147143,2.35904605618287,8.06608198456299,-8.98852073124526,-1.85870635431334
1.33555439390989,2.33078303426148,8.06026069384876,-8.95340854333994,-1.81840103542744
1.33870428634836,2.3026302457347,8.05456891760076,-8.91891697636272,-1.77766677803448
1.34185417878683,2.27458602274739,8.0490086886662,-8.88504121574049,-1.73645137129517
1.34500407122529,2.2466487069003,8.04358216116677,-8.85177238121572,-1.69469416384134
1.34815396366376,2.21881663901105,8.03829162031372,-8.81909769664051,-1.65232573050945
1.35130385610223,2.19108816533991,8.03313950576035,-8.78700089381475,-1.60926973380488
1.35445374854069,2.16346166463981,8.02812839958714,-8.75546236074691,-1.56544435209499
1.35760364097916,2.13593550795882,8.02326104645309,-8.72445976841223,-1.52076279189272
1.36075353341763,2.10850810578041,8.01854033620154,-8.69396883810734,-1.47513656027773
1.36390342585609,2.08117788040754,8.01396933159128,-8.66396395186905,-1.42847641402976
1.36705331829456,2.05394328981785,8.00955123066058,-8.63441881136767,-1.38069415299643
1.37020321073303,2.02680280137769,8.00528938700416,-8.60530812501323,-1.33170626607522
1.37335310317149,1.99975490899925,8.00118728748177,-8.57660767018046,-1.28143460320881
1.37650299560996,1.97279812536726,7.99724856079134,-8.54829599638325,-1.22980905661473
1.37965288804843,1.94593097932961,7.99347690278731,-8.52035506904929,-1.17676988006829
1.38280278048689,1.91915201334777,7.98987617077483,-8.492771446939,-1.12226880325514
1.38595267292536,1.89245976373083,7.98645025116619,-8.46553699973691,-1.06627123917214
1.38910256536383,1.86585278180121,7.98320308879024,-8.43864995174783,-1.00875625615244
1.39225245780229,1.83932958671633,7.98013868436162,-8.41211541229602,-0.949718516386243
1.39540235024076,1.81288870132751,7.97726106216031,-8.38594533408081,-0.889167342083949
1.39855224267923,1.78652858859013,7.97457423614417,-8.3601597513593,-0.827125902559327
1.40170213511769,1.76024770247127,7.97208222449671,-8.33478584472623,-0.763631464839875
1.40485202755616,1.73404443191321,7.96978900885814,-8.30985788421666,-0.698731900399416
1.40800191999463,1.70791710524766,7.96769854838644,-8.28541692504574,-0.632482709051546
1.41115181243309,1.68186399237892,7.96581476529852,-8.26150905428846,-0.564946350828572
1.41430170487156,1.65588327844683,7.96414154796507,-8.23818518555235,-0.496185383779679
1.41745159731003,1.629973086812,7.96268278645711,-8.21549873694606,-0.42625935409214
1.42060148974849,1.60413142942804,7.96144235261293,-8.19350450964693,-0.355220611164647
1.42375138218696,1.57835625499808,7.96042415524006,-8.17225633218446,-0.283107381027522
1.42690127462543,1.55264540168744,7.95963215024644,-8.15180490851808,-0.209941315333761
1.43005116706389,1.52699665544792,7.95907039124723,-8.13219641932598,-0.135719704967785
1.43320105950236,1.50140769933011,7.95874309473401,-8.1134697611475,-0.0604136483375992
1.43635095194083,1.4758761401486,7.95865466196916,-8.09565456061169,0.0160369435529208
1.43950084437929,1.45039955075116,7.95880977204817,-8.07877084785781,0.093726459238372
1.44265073681776,1.42497544210412,7.95921337002421,-8.06282623918312,0.172782226221001
1.44580062925623,1.39960128256334,7.95987082925888,-8.04781618519822,0.253368193164532
1.44895052169469,1.37427451796194,7.9607879047492,-8.03372390015853,0.335679432769442
1.45210041413316,1.34899260549982,7.96197087261756,-8.02052006577264,0.419939309918949
1.45525030657163,1.32375300531038,7.96342651466135,-8.00816551370225,0.506391955940782
1.45840019901009,1.29855316522364,7.96516213971153,-7.99661373000978,0.595295413643999
1.46155009144856,1.27339061445891,7.96718564673354,-7.98581160985647,0.686909327878258
1.46469998388703,1.24826287590743,7.96950544380823,-7.97570657568046,0.781484530686388
1.46784987632549,1.22316751484043,7.97213051388931,-7.96624874870899,0.879247784001306
1.47099976876396,1.19810213328764,7.97507024362607,-7.95739673799176,0.980386968020772
1.47414966120243,1.17306433675261,7.97833443181794,-7.94912237738508,1.08503879898802
1.47729955364089,1.14805172123093,7.9819331165798,-7.941418159066,1.19327360156011
1.48044944607936,1.12306187398385,7.9858765525585,-7.93429738106911,1.30508947220701
1.48359933851783,1.09809227795314,7.99017492536744,-7.92780159116846,1.42039581434449
1.48674923095629,1.07314039437766,7.99483829186171,-7.92200140417193,1.53902150435353
1.48989912339476,1.04820342017655,7.99987639960677,-7.91699714702931,1.66071571169288
1.49304901583323,1.02327850441239,8.00529852966841,-7.91291584639245,1.78516160781413
1.4961989082717,0.998362486993637,8.01111343900968,-7.90990623017577,1.91199904547366
1.49934880071016,0.973451954387976,8.01732918525892,-7.90813414086165,2.04085607363605
1.50249869314863,0.948543239708476,8.02395319634275,-7.90776651752027,2.17140000552546
1.5056485855871,0.923632414965839,8.03099238972776,-7.90896104416482,2.30338301943987
1.50879847802556,0.898715147640678,8.0384534224999,-7.91185186981151,2.43671518434335
1.51194837046403,0.873786964555354,8.0463428867909,-7.91652961247107,2.57152911622011
1.5150982629025,0.848843133959397,8.05466808383072,-7.92302744921405,2.70826211272282
1.51824815534096,0.823878787878536,8.06343760728175,-7.93130861626078,2.84772320148137
1.52139804777943,0.798888992428701,8.07266234670531,-7.94125851033772,2.99116585634159
1.5245479402179,0.773868934193345,8.08235662525235,-7.95268628211119,3.14032822058625
1.52769783265636,0.748813909602941,8.0925396683869,-7.96533870939701,3.29747653036697
1.53084772509483,0.723719557986186,8.10323733050401,-7.97893123431428,3.46537575674558
1.5339976175333,0.698581800302936,8.11448325268459,-7.99319089371586,3.64726886551865
1.53714750997176,0.67339694825756,8.12632166026448,-8.00792861909638,3.84676558685431
1.54029740241023,0.648161572133368,8.1388082534204,-8.02311297554723,4.06771945832946
1.5434472948487,0.622872375350713,8.15201276455116,-8.03896477499598,4.31409021321681
1.54659718728716,0.597525699865903,8.16602006029858,-8.05603333727204,4.58977490645194
1.54974707972563,0.572117117397321,8.18093145366349,-8.07523857486461,4.89853920735438
1.5528969721641,0.546640678582461,8.19686517255461,-8.09783465826419,5.24410215785922
1.55604686460256,0.521088129816954,8.21395641577523,-8.12520610306362,5.6305300316135
1.55919675704103,0.495447775793904,8.23235626884177,-8.15843252690181,6.06316630273045
1.5623466494795,0.469703893835142,8.25223008995235,-8.19741481922014,6.55044298103586
1.56549654191796,0.443836231780224,8.27375505453854,-8.23940431807738,7.10697588167547
1.56864643435643,0.41782060328695,8.29711664459965,-8.27663912656754,7.75866994715471
1.5717963267949,0.391630942738741,8.32250698998819,-8.29264527319995,8.55057449390314
